path,energi0,homogenitas0,entropy0,contras0,dissimilarity0,ASM0,correlation0,energi45,homogenitas45,entropy45,contras45,dissimilarity45,ASM45,correlation45,energi90,homogenitas90,entropy90,contras90,dissimilarity90,ASM90,correlation90,energi135,homogenitas135,entropy135,contras135,dissimilarity135,ASM135,correlation135
Baked Potato-Train (1).jpeg,0.0002006438962493176,0.29454838166609765,9.07381109967056,715816961.0000106,5592320.999999821,0.0002006438962493176,0.9831937826921334,0.0001297918180173457,0.2261905216636213,9.414501110075753,715816960.9999304,5592320.999999531,0.0001297918180173457,0.968498077107565,0.00015093575523269427,0.24894472717598434,9.285436384733051,715816960.9998237,5592321.0000002235,0.00015093575523269427,0.9725955209628051,0.00011404903770997855,0.2082651165619264,9.5314136291753,715816960.9998784,5592320.999999417,0.00011404903770997855,0.9533823273455033
Baked Potato-Train (10).jpeg,0.0002015204477988447,0.23629421727721578,9.101230910213976,715816960.9999157,5592320.999999668,0.0002015204477988447,0.9567518718880231,0.00016034942056495318,0.20304443431772598,9.32349793269292,715816961.0000597,5592321.000000883,0.00016034942056495318,0.9282670341393874,0.00022592026515704574,0.25154278479462167,9.038428540536339,715816961.0001613,5592320.999999555,0.00022592026515704574,0.9571988382183761,0.00015123747994870798,0.19373758874237604,9.342415849660803,715816961.0000515,5592321.000000849,0.00015123747994870798,0.9293159570707352
Baked Potato-Train (100).jpeg,0.0008136184261183736,0.2071242304756075,9.534638516875498,715816961.0000751,5592321.000000629,0.0008136184261183736,0.9105191590947436,0.0005686427944559932,0.17189533649727284,9.742675680879051,715816961.0000777,5592320.999998315,0.0005686427944559932,0.8654126056470564,0.0008613838460343529,0.2189502043290511,9.459938816118731,715816960.9998268,5592321.000000485,0.0008613838460343529,0.9300296371370909,0.0005561978861212015,0.1705473624158375,9.750358047670748,715816961.0000105,5592321.000001153,0.0005561978861212015,0.8643038485570832
Baked Potato-Train (101).jpeg,0.00044345626629369164,0.2391559878777753,9.260318927960958,715816960.999907,5592321.000000377,0.00044345626629369164,0.9780126855878213,0.0002520320859058969,0.17639512316264408,9.623169861002365,715816960.9998823,5592320.999998755,0.0002520320859058969,0.9508543821015879,0.00035086963177354566,0.2057761497343427,9.428880107278605,715816961.0000973,5592321.000000871,0.00035086963177354566,0.9676173648793748,0.00025188743978262943,0.17990592683795653,9.604006058504028,715816960.9998794,5592320.999999554,0.00025188743978262943,0.9545305326274941
Baked Potato-Train (102).jpeg,0.00024052093517029773,0.23429787603122057,9.336668475199325,715816960.9997766,5592320.999999804,0.00024052093517029773,0.9579129263526174,0.00015833816394599136,0.1797948917324492,9.68213495176736,715816961.0003816,5592320.999998562,0.00015833816394599136,0.9147727134057096,0.00021578933371371059,0.22012071863054514,9.440370916986536,715816960.9999697,5592320.999998796,0.00021578933371371059,0.9483887985685151,0.00016756325381704382,0.18989093532608878,9.580891157794655,715816961.0001858,5592321.000001359,0.00016756325381704382,0.9317095220416821
Baked Potato-Train (103).jpeg,0.00011183507058426305,0.17677838642244378,9.900878220032995,715816960.999987,5592320.999998986,0.00011183507058426305,0.9127316451425627,6.75087527232857e-05,0.12546082168629583,10.185611240011132,715816960.9997804,5592320.999997979,6.75087527232857e-05,0.8546793008188848,0.00010834395871109386,0.18025420836894598,9.944887280041431,715816960.9998356,5592321.000001281,0.00010834395871109386,0.9059994141613043,6.550629002574487e-05,0.1234540618588239,10.204727508227718,715816960.9998323,5592320.999997888,6.550629002574487e-05,0.8519098942040121
Baked Potato-Train (104).jpeg,0.10537013545037587,0.5768505397041579,6.38714941148686,715816960.9999437,5592320.9999991795,0.10537013545037587,0.9861467209278498,0.10119603612359959,0.5072998556816462,6.698980465621376,715816961.0001036,5592320.999999015,0.10119603612359959,0.9717618309278722,0.10366898272970342,0.5282542415012476,6.595672690155915,715816961.0000575,5592321.000000828,0.10366898272970342,0.9794798010163603,0.1015336927404933,0.5001101028730434,6.722365213619862,715816961.0000885,5592321.000000424,0.1015336927404933,0.9711284066427279
Baked Potato-Train (105).jpeg,0.0010077295031154323,0.3008541269104992,8.951945160875356,715816960.999913,5592320.999999321,0.0010077295031154323,0.9560568690219271,0.0007026778010861564,0.23210943704171627,9.245687337580074,715816960.9999588,5592320.999997769,0.0007026778010861564,0.9134183604864918,0.0009390984748747658,0.27347845590792086,9.063403176133574,715816960.9998432,5592321.000000254,0.0009390984748747658,0.937241490035435,0.0006957052637705111,0.24297733101977326,9.201768752505188,715816960.9999162,5592320.999999598,0.0006957052637705111,0.9191021330905375
Baked Potato-Train (106).jpeg,0.00033011692092692606,0.29818321535728787,9.02212105332237,715816961.0001373,5592320.999999087,0.00033011692092692606,0.9705163865117211,0.00021762923471050564,0.24493793278687737,9.281122870496278,715816960.9998763,5592320.9999994235,0.00021762923471050564,0.9548615357670399,0.0003323324924074787,0.30805564253260087,8.940529850609376,715816961.0000829,5592321.000000738,0.0003323324924074787,0.9750680814945417,0.00024207053386953936,0.25505811463695605,9.233371644741872,715816960.9998432,5592320.999999942,0.00024207053386953936,0.9554329779085825
Baked Potato-Train (107).jpeg,0.00107957721533813,0.326859372064636,8.84511389167565,715816961.0001043,5592321.000000878,0.00107957721533813,0.9615716094079497,0.000668920624783756,0.23791137855319083,9.263499314668753,715816961.0000703,5592320.999998309,0.000668920624783756,0.9235175451666614,0.0008282460814797161,0.27629818163654135,9.024680364743043,715816961.0000687,5592321.000000365,0.0008282460814797161,0.9561638539143221,0.0006755138116751525,0.24858272880446575,9.17195586554775,715816961.0000855,5592321.000001292,0.0006755138116751525,0.9395693064647982
Burger-Train (1).jpeg,0.001060652686009154,0.2880872022620113,8.349238212962542,715816960.9999044,5592320.999999756,0.001060652686009154,0.9513055239455405,0.0005977973555414293,0.22446291832614562,8.711496516851803,715816961.000086,5592320.999999591,0.0005977973555414293,0.8752192528769462,0.0008711342742969172,0.27472897928709306,8.522535097793567,715816960.9998882,5592321.000000431,0.0008711342742969172,0.9050852571565082,0.0006782910159525367,0.22959485114976572,8.668980369962851,715816961.0000628,5592321.000000965,0.0006782910159525367,0.8876551369270823
Burger-Train (10).jpeg,0.00017061051333747075,0.2017255441538729,9.357749294851097,715816961.0000485,5592321.000000295,0.00017061051333747075,0.9490573864427795,0.00011606353586377627,0.15360257332203328,9.64601384195278,715816961.000156,5592320.999999682,0.00011606353586377627,0.8926426931913409,0.00014723421272314018,0.17840296279092002,9.507674678939834,715816961.0000985,5592321.00000035,0.00014723421272314018,0.9212723340355705,0.00012047805875491059,0.15460450814823,9.635853062245484,715816961.0000736,5592321.000000022,0.00012047805875491059,0.8997780691984231
Burger-Train (100).jpeg,0.0010941974463480725,0.4219020128140794,8.494546698113679,715816960.9998598,5592321.00000068,0.0010941974463480725,0.9754386879269833,0.0005766063155527052,0.3138703915317716,8.93101844830789,715816960.9998919,5592321.000000056,0.0005766063155527052,0.9409077467511908,0.0008799895728705882,0.3966626481453719,8.659589535173412,715816960.9997758,5592321.000001138,0.0008799895728705882,0.9482102268861958,0.000568241792560861,0.31438715844835735,8.972283667392263,715816960.9999868,5592320.999998649,0.000568241792560861,0.9352836156777407
Burger-Train (101).jpeg,0.0014053518259755863,0.40887131711443914,8.1472797571835,715816961.0000318,5592321.000001267,0.0014053518259755863,0.9479049082158827,0.0009597052408501848,0.33961351174503135,8.493040949703998,715816960.9998311,5592321.000000773,0.0009597052408501848,0.8954015048125903,0.0015644324946846881,0.42360515080670175,8.171566081970688,715816961.000173,5592320.999999334,0.0015644324946846881,0.9213022952355513,0.0009607032650901263,0.34363329779082197,8.479640355106138,715816960.9998301,5592321.000000155,0.0009607032650901263,0.8973509847922199
Burger-Train (102).jpeg,0.0018270676442104115,0.34276111148491645,8.723415334786198,715816961.0000587,5592320.999999597,0.0018270676442104115,0.9822740947542385,0.0012854322544659012,0.2479105611283566,9.18594135338372,715816961.0000736,5592320.999999984,0.0012854322544659012,0.9552618840605263,0.0016024433706742442,0.2834149314969031,9.026391028162024,715816961.0001124,5592320.999999345,0.0016024433706742442,0.9672593526598775,0.0012860532246614545,0.25422360638409097,9.168613383502295,715816961.0000923,5592320.999999191,0.0012860532246614545,0.9585252386426749
Burger-Train (103).jpeg,0.0015914951531656233,0.30637812429806477,8.869865958535883,715816960.9998028,5592320.999998742,0.0015914951531656233,0.9233337093584478,0.0009384276738741396,0.23765193955595895,9.234431489770348,715816960.9999386,5592320.99999936,0.0009384276738741396,0.8630859714492725,0.0012440471351320432,0.2632196260936009,9.082802251781812,715816960.9999084,5592321.000000334,0.0012440471351320432,0.9002250009764562,0.0009390577888301181,0.2345554562231473,9.233531062605287,715816960.9999064,5592321.000000197,0.0009390577888301181,0.8626331227978257
Burger-Train (104).jpeg,0.0006543840886285159,0.2762116843387524,9.250894557502079,715816960.9998112,5592321.000001598,0.0006543840886285159,0.9682476643123185,0.0005240799442175158,0.23685757983554998,9.51522208383808,715816960.9999335,5592321.000002044,0.0005240799442175158,0.9438254087940904,0.000805326257422771,0.3104948345220602,9.176912939829824,715816960.9998605,5592321.000000436,0.000805326257422771,0.961050881640154,0.0004779896315988379,0.21557357317383288,9.600952512717132,715816960.9998958,5592320.999999456,0.0004779896315988379,0.9350720086822039
Burger-Train (105).jpeg,0.001508710894326992,0.5334774794083157,7.960561425743948,715816961.0000881,5592321.000000174,0.001508710894326992,0.9831446002331613,0.0009761592925383989,0.41692021049944505,8.50394102907421,715816960.9998549,5592321.00000032,0.0009761592925383989,0.9640267770908298,0.0013068964809198952,0.4739575889677077,8.265845093802149,715816960.9999051,5592321.0000016615,0.0013068964809198952,0.9752563322014361,0.0008783364691051333,0.3910993895107938,8.58680059515814,715816960.9998516,5592320.999999846,0.0008783364691051333,0.9626818255538454
Burger-Train (106).jpeg,0.0009632988291384526,0.34280123385922057,8.719532711409144,715816961.0000676,5592320.999999076,0.0009632988291384526,0.9748729696488556,0.0006348594813714182,0.2613833010400609,9.136559596622774,715816961.0001423,5592321.000000317,0.0006348594813714182,0.9483230126521665,0.0010723908914117262,0.32356506798140955,8.848543470771434,715816961.0000908,5592321.000000532,0.0010723908914117262,0.967482590771133,0.0006644461047530259,0.2722652391533137,9.056623397673091,715816961.0000573,5592321.000001029,0.0006644461047530259,0.9551917445479937
Burger-Train (107).jpeg,0.0006087374048703814,0.2271245844271216,9.190225464890037,715816961.0000468,5592321.000000689,0.0006087374048703814,0.9566871770370209,0.00043204391925242663,0.18962586873110954,9.419510781022565,715816960.9998366,5592320.99999863,0.00043204391925242663,0.929557508104182,0.00046084000462525207,0.21272170601773308,9.244770968511487,715816961.0001197,5592320.999999459,0.00046084000462525207,0.9486437013710913,0.00032639361183370253,0.17353438201642005,9.488133451307172,715816960.9998462,5592321.000000193,0.00032639361183370253,0.919825087105547
Crispy Chicken-Train (1).jpeg,0.002953600010134601,0.3543717201884652,8.453088851268404,715816960.9998274,5592321.000000618,0.002953600010134601,0.9659486124205282,0.0021624277768300033,0.3047905401763366,8.693166952434021,715816960.9997848,5592320.999998576,0.0021624277768300033,0.9474734661262615,0.0032395610348225166,0.39326598329742696,8.279426686144374,715816960.9998204,5592320.999999224,0.0032395610348225166,0.9780958172570228,0.002236064832216687,0.31249281053293676,8.638730175259349,715816960.9998673,5592321.00000017,0.002236064832216687,0.9563401930310594
Crispy Chicken-Train (10).jpeg,0.0007604212531906365,0.31160483909243714,8.952433080887204,715816960.9999282,5592321.000000143,0.0007604212531906365,0.9469950843022923,0.0005609458607838484,0.27318503638838143,9.161658273342251,715816960.9999067,5592320.999999113,0.0005609458607838484,0.9233224294562162,0.001060980802178735,0.3600173748373106,8.785217958082333,715816960.9998859,5592320.999999162,0.001060980802178735,0.9538696338161692,0.0005673422243263723,0.27632648259893755,9.124310116380808,715816960.9999287,5592320.99999972,0.0005673422243263723,0.9317563132752605
Crispy Chicken-Train (100).jpeg,0.002209907563236716,0.5241231214097473,7.455451604082895,376413843.00002426,3453338.99999925,0.002209907563236716,0.9696295399444271,0.0016383942894714124,0.44796962131269435,7.741974849189849,376413842.99995226,3453338.999999702,0.0016383942894714124,0.9485668466815865,0.002580885003328456,0.5498601190778116,7.3430985074085795,376413842.99995667,3453338.9999995683,0.002580885003328456,0.9687830515052218,0.0015911922306561725,0.4666524888213784,7.757024883289849,376413842.999966,3453339.0000004233,0.0015911922306561725,0.9442090517999111
Crispy Chicken-Train (101).jpeg,0.0010102225422529316,0.2786764745979627,9.225046360528594,715816961.0001649,5592320.9999999,0.0010102225422529316,0.9243127511438864,0.0006169277048622138,0.2068784261721528,9.55754972136987,715816960.9997312,5592320.999999815,0.0006169277048622138,0.8828377823094736,0.0009642366217067186,0.2534035456972309,9.278125723115158,715816960.9998423,5592321.000000381,0.0009642366217067186,0.9440482312658249,0.0006120896765402305,0.20750346650201945,9.542691656416821,715816960.9997047,5592320.999999943,0.0006120896765402305,0.8903778922605217
Crispy Chicken-Train (102).jpeg,0.00016079456595786347,0.26129109086064883,9.347972591952795,715816961.0001167,5592321.000001737,0.00016079456595786347,0.9424893898530687,0.00011126921314694844,0.19773593368783457,9.622408341956813,715816961.0001781,5592320.9999994645,0.00011126921314694844,0.9082584648171431,0.00016654844659292757,0.2553755087249211,9.334187391660434,715816961.0001912,5592321.000001385,0.00016654844659292757,0.9414463473978123,0.00010945488218873974,0.19525824566557862,9.645271875317858,715816961.0001831,5592321.000000322,0.00010945488218873974,0.9064140404980053
Crispy Chicken-Train (103).jpeg,0.03709295590945314,0.462914592574231,7.133856982103343,715816961.000116,5592320.999997863,0.03709295590945314,0.9202362740944947,0.032382535087822364,0.4146140612797103,7.291783580419933,715816960.9999592,5592320.9999987045,0.032382535087822364,0.8888460726776459,0.03631847550652474,0.46799300367943,7.126528474260577,715816960.9999552,5592321.000000172,0.03631847550652474,0.9273580067839121,0.032131019842028596,0.4129039517157852,7.3095131177407655,715816960.9999274,5592320.999996552,0.032131019842028596,0.8788188405664624
Crispy Chicken-Train (104).jpeg,0.0018597612102455884,0.3215688777045336,8.564160806993666,715816961.0001304,5592320.999998931,0.0018597612102455884,0.8900120658742384,0.0013834287250311754,0.2844300584525214,8.748196201930895,715816960.9999094,5592320.999999312,0.0013834287250311754,0.8380204820397577,0.0020919111145906617,0.3351821183707916,8.510538631839665,715816961.0001657,5592321.000001624,0.0020919111145906617,0.8899905620168345,0.001389277023889466,0.2852180797994367,8.752678911807312,715816960.9999757,5592320.999999765,0.001389277023889466,0.8407875584096536
Crispy Chicken-Train (105).jpeg,0.001112175821607427,0.2919828531211909,9.019936812290373,715816961.0000474,5592320.9999993695,0.001112175821607427,0.9812822084445658,0.0007389984030677037,0.2313659487451355,9.354595338731553,715816961.0000815,5592321.000002252,0.0007389984030677037,0.9645677104144439,0.0009627861934670351,0.2561930331910367,9.185235055900389,715816961.0000417,5592321.000000166,0.0009627861934670351,0.9748589391699886,0.0007115896255451381,0.2257904953496109,9.39984104149243,715816961.0000907,5592321.000000176,0.0007115896255451381,0.9604556616962227
Crispy Chicken-Train (106).jpeg,0.001210617905664514,0.4360973387753362,8.474030789798618,715816961.0001205,5592321.000000554,0.001210617905664514,0.9564951496498547,0.0007810639010415437,0.3529339740336344,8.852004283325742,715816960.9998975,5592320.999999361,0.0007810639010415437,0.9273047662055894,0.0011106970888652065,0.4223149137058752,8.543836500883225,715816960.9998149,5592321.000000054,0.0011106970888652065,0.9564044237662109,0.0007307529323795896,0.3390273375233607,8.904785800948623,715816960.9998983,5592321.000000867,0.0007307529323795896,0.918986377677863
Crispy Chicken-Train (107).jpeg,0.00012925269737091641,0.2139329486214753,9.418221336193922,715816961.0001172,5592321.000000322,0.00012925269737091641,0.9602562038797849,9.386860018803075e-05,0.17353020952473655,9.654679902481432,715816960.9998697,5592320.999999385,9.386860018803075e-05,0.9434269845774551,0.00013291332071951114,0.21767763340502738,9.370756063331172,715816961.0000926,5592320.999999341,0.00013291332071951114,0.9727173556644886,9.556210711834195e-05,0.176059861629242,9.63614402722844,715816960.9998603,5592321.000000342,9.556210711834195e-05,0.9454703725324274
Donut (1).jpeg,0.1583367911265432,0.5309843410016677,6.246165906973479,715816961.0000532,5592321.00000042,0.1583367911265432,0.9658411694081461,0.1527835887634281,0.4944069637818638,6.423014419571418,715816961.0002527,5592320.999999992,0.1527835887634281,0.9402898523894953,0.1554537642028448,0.5078969132037039,6.358159487794547,715816961.0000983,5592320.999999087,0.1554537642028448,0.9498378654618517,0.15285640686954466,0.49422429868306805,6.4231185902751005,715816961.0003461,5592321.000001342,0.15285640686954466,0.9364737087459916
Donut (1).jpg,0.0012366960647209216,0.4779419124511615,7.625665938645765,715816960.9999579,5592320.999999532,0.0012366960647209216,0.9940859873295942,0.0006681220377464219,0.3565820010290124,8.163469369721815,715816960.999951,5592320.999999515,0.0006681220377464219,0.9862017875793208,0.0008490739454109475,0.4022879765984249,7.947796273327648,715816960.9999552,5592320.999999675,0.0008490739454109475,0.9913846019708673,0.0007089806295568921,0.36465880271179696,8.115623119001638,715816960.9999485,5592320.999999498,0.0007089806295568921,0.9872688418326194
Donut (1).png,0.011894127482614234,0.41857549939202926,8.029639205392538,715816960.9998466,5592320.999999621,0.011894127482614234,0.9875002499576706,0.011226210533086202,0.3535482918381406,8.392770633210546,715816960.9999647,5592321.000000572,0.011226210533086202,0.970484931708941,0.011651174477216041,0.38697513559984925,8.209130806518267,715816960.9998832,5592320.999999643,0.011651174477216041,0.9818354010716033,0.011244872055677951,0.35392818416028626,8.393437394795571,715816960.9999563,5592321.000000773,0.011244872055677951,0.972423375944872
Donut (10).jpeg,0.018362379279039956,0.32409851597198425,8.640705421412354,715816961.0002055,5592321.00000047,0.018362379279039956,0.952399074028456,0.01689009280062985,0.2844091242416106,8.843149810161137,715816961.0001996,5592320.999999386,0.01689009280062985,0.930433784262687,0.018068228231633388,0.30891312759959466,8.709719244865916,715816961.0000081,5592321.0000005625,0.018068228231633388,0.9485077379698719,0.01701440661450679,0.28631902699872946,8.837040589339239,715816961.0001624,5592320.999999615,0.01701440661450679,0.9290761243593156
Donut (10).jpg,0.005828113953196955,0.4081643722521216,8.053431235907988,715816961.0000548,5592321.000000942,0.005828113953196955,0.961087111131344,0.0047584316513291465,0.3526609640325276,8.310594115265681,715816961.0000695,5592320.999999046,0.0047584316513291465,0.9370529774834753,0.006023173988258579,0.39857552810623553,8.077237517422784,715816960.9999961,5592321.0000017695,0.006023173988258579,0.9595685543677932,0.004801951573046769,0.3555850476809837,8.298610540731822,715816961.0000477,5592321.000001242,0.004801951573046769,0.9341113732584801
Donut (100).jpeg,0.07785885680292282,0.5464728436592394,6.614546083040777,715816961.0000739,5592320.99999981,0.07785885680292282,0.9928021884716756,0.07498278951352191,0.5029927966852715,6.773563643558331,715816961.000238,5592320.999999861,0.07498278951352191,0.989591644592242,0.0784159035134125,0.5528662021244434,6.594170664669347,715816961.0000843,5592320.99999961,0.0784159035134125,0.9927800375272826,0.074562497178474,0.4790108911825261,6.887647951774957,715816961.0002781,5592321.000000428,0.074562497178474,0.9849638072218113
Donut (101).jpeg,0.0204681715053101,0.6284390418812186,6.860343775575887,715816961.0000334,5592321.000001163,0.0204681715053101,0.9664462542034901,0.018091904992791286,0.5672816529841473,7.20619146732581,715816960.99985,5592320.999999015,0.018091904992791286,0.9346592324589514,0.01999063500383635,0.6086327915663845,6.980896969225261,715816961.0001742,5592320.999999306,0.01999063500383635,0.9553393283188736,0.017936170836724122,0.5583482062189071,7.224552333284326,715816960.9998388,5592320.999999759,0.017936170836724122,0.9363670320430403
Donut (102).jpeg,0.00027082285279144655,0.24800374251703253,9.269722696291037,715816960.9998899,5592321.000001123,0.00027082285279144655,0.9738159803926737,9.770218077288074e-05,0.1427625299446759,9.986990749304296,715816960.9999052,5592321.000000993,9.770218077288074e-05,0.8625657814275743,0.00011710678007473724,0.1547018685084446,9.881296479725458,715816961.000033,5592320.9999997355,0.00011710678007473724,0.8927503824554853,0.00010408512868317346,0.14268686780955941,9.919814238027506,715816960.999868,5592320.9999981085,0.00010408512868317346,0.8962608094406629
Donut (103).jpeg,0.00027551281136717207,0.3173947450278454,9.111514717368925,715816960.9998552,5592321.000000285,0.00027551281136717207,0.9278520739219096,0.00013174446593921103,0.2044803868283174,9.633919246266434,715816960.9999181,5592321.000001636,0.00013174446593921103,0.8586315453064393,0.0001620800106693205,0.2385485262684225,9.475173895494967,715816960.9998981,5592321.0000010785,0.0001620800106693205,0.8932138916132786,0.0001303143900774387,0.2034667219297228,9.641288467168843,715816960.9999384,5592320.999999525,0.0001303143900774387,0.8511079533877961
Donut (104).jpeg,0.0004283976846606708,0.2720738335450364,9.28597043286157,715816960.9998131,5592321.000000913,0.0004283976846606708,0.946715672273752,0.00033495754514595554,0.22967266573874195,9.516268392339093,715816961.0000111,5592320.999999821,0.00033495754514595554,0.9189575693018935,0.00040489731309937334,0.2656885052068045,9.314084568527383,715816961.0002546,5592321.000000594,0.00040489731309937334,0.9435927505484668,0.000328046374553828,0.22291392287489287,9.518617461607386,715816961.0001416,5592320.999999138,0.000328046374553828,0.917344463748153
Fries-Train (1).jpeg,0.0009396434475471847,0.3061444772837655,8.993560788325198,715816961.0001988,5592321.000000923,0.0009396434475471847,0.9721653216419212,0.0006577293058110266,0.2393116147113572,9.320514803431665,715816961.0000697,5592320.999999095,0.0006577293058110266,0.9455356559610946,0.0007572437422843228,0.2667553079504096,9.182146402303124,715816960.9998876,5592321.00000038,0.0007572437422843228,0.9571799735139875,0.0006066951541718978,0.22649017599448062,9.405845597192329,715816961.0001158,5592320.999999973,0.0006066951541718978,0.931845453685244
Fries-Train (10).jpeg,0.005885226852747652,0.4248135682489753,8.066451151301502,715816960.999979,5592321.000000048,0.005885226852747652,0.9824149492598739,0.004290906098244864,0.3468258778290399,8.450069969346641,715816961.0000587,5592321.000000562,0.004290906098244864,0.9571211242505948,0.0050125673324535455,0.37198022567531996,8.29533470857111,715816960.9999667,5592320.999999428,0.0050125673324535455,0.9675376083498802,0.004203184226082697,0.3401140201087541,8.47171691307565,715816961.0000608,5592320.99999987,0.004203184226082697,0.9561549735516287
Fries-Train (100).jpeg,0.0014008373703889058,0.4438197545658892,8.316229818118284,715816961.0001256,5592321.000001756,0.0014008373703889058,0.979943970295087,0.0009452341320784842,0.35201850549216374,8.674454095744203,715816960.9998404,5592321.000000068,0.0009452341320784842,0.9683245918898833,0.0017420944352654257,0.4481450550327729,8.280559322510157,715816961.0001457,5592321.000000432,0.0017420944352654257,0.9853456579356644,0.0010772473285097471,0.37311706558721397,8.567814007112606,715816960.999859,5592320.999999671,0.0010772473285097471,0.9757265963838491
Fries-Train (101).jpeg,0.016969621700939925,0.46240402113609425,7.482535763278122,715816961.0000912,5592321.000000805,0.016969621700939925,0.9815218263492114,0.01463159941367588,0.42922118597948516,7.6245709134928275,715816960.9999479,5592320.99999958,0.01463159941367588,0.9724934855869279,0.018178177418251392,0.5094780389715573,7.245541746850562,715816961.0000995,5592320.999998864,0.018178177418251392,0.9848009336465819,0.01473521630486702,0.43050891999663726,7.641311794803915,715816961.0002685,5592320.99999962,0.01473521630486702,0.9712390679615294
Fries-Train (102).jpeg,0.0004194019198625747,0.3097545954859421,9.18383774601941,715816960.9999164,5592320.999999816,0.0004194019198625747,0.9431527007615725,0.00028539166991158656,0.24503271705577073,9.485149113998379,715816960.9998156,5592320.999999464,0.00028539166991158656,0.9112382420756635,0.0004697218083846011,0.3137721550434144,9.143932507384072,715816960.9999039,5592320.999998673,0.0004697218083846011,0.9543891272855005,0.0002765680262177878,0.23707131285437516,9.526802118756173,715816960.9998167,5592321.000000598,0.0002765680262177878,0.9083714771682257
Fries-Train (103).jpeg,0.0017431424670281024,0.4830562148319109,8.027714689670239,715816961.0000968,5592321.000000474,0.0017431424670281024,0.9918499530906397,0.0011335510103832797,0.3676826203454608,8.590979353054736,715816961.0001526,5592321.000001018,0.0011335510103832797,0.9761942369488558,0.0015424077251875226,0.4235637037629425,8.316193714135387,715816960.9999543,5592321.000001016,0.0015424077251875226,0.9869125147458451,0.0012453770165110991,0.39789213689165187,8.376248378911143,715816961.0001211,5592321.0000014305,0.0012453770165110991,0.9863653428908731
Fries-Train (104).jpeg,0.0006289955137802203,0.3461387571766295,8.68226093375403,715816960.9999163,5592320.999998394,0.0006289955137802203,0.9389255417740362,0.00034594115087074905,0.24784066874592534,9.058602372515452,715816961.0000648,5592320.99999847,0.00034594115087074905,0.9008943726551795,0.00045545189403311403,0.2945006689483071,8.845944533535853,715816961.0001514,5592321.000001871,0.00045545189403311403,0.9357116332256146,0.0003218245342514125,0.2372616308329364,9.111330815511147,715816961.000068,5592320.999998636,0.0003218245342514125,0.8930898247966454
Fries-Train (105).jpeg,0.004473764331722871,0.5788183479324265,7.302762833258487,715816960.9999676,5592320.999999225,0.004473764331722871,0.9826918163483717,0.0031033878587805124,0.507024929921824,7.631065514999429,715816961.000019,5592321.000000987,0.0031033878587805124,0.9790652352992237,0.004163988038311216,0.550396251981603,7.460238009555114,715816961.000093,5592320.999999168,0.004163988038311216,0.9760920552878479,0.002950821042836375,0.49035967306071043,7.698752696928253,715816961.0000376,5592321.000000393,0.002950821042836375,0.9583937065354184
Fries-Train (106).jpeg,0.0006685701174854628,0.35542106158395914,8.847662399360809,715816960.9998964,5592321.00000002,0.0006685701174854628,0.9741653677356935,0.0005754153935851797,0.29686074371653404,9.092243674019933,715816960.9999468,5592320.999999389,0.0005754153935851797,0.9629825543498757,0.00096155236781248,0.4457587514126904,8.501665621385511,715816960.9999582,5592320.999999391,0.00096155236781248,0.9822835839083813,0.0005648018574698571,0.2899473278632321,9.127297449287466,715816960.9999253,5592321.000000439,0.0005648018574698571,0.9592416339400541
Fries-Train (107).jpeg,0.0026244721219554697,0.5575581193513321,7.765156518495161,715816960.9999211,5592320.999998861,0.0026244721219554697,0.9536489652817307,0.001855436726796571,0.47155933992329785,8.102608249384556,715816961.0000684,5592320.999998929,0.001855436726796571,0.9305285699490206,0.002532205004522492,0.5666682503530648,7.734108169135867,715816961.0000225,5592321.000001027,0.002532205004522492,0.9648815349104284,0.0018861493561858921,0.46998566144218923,8.12375549219699,715816961.0000833,5592321.0000016885,0.0018861493561858921,0.9259421709312705
Hot Dog - Train (1).jpeg,0.0029692780093444997,0.46978097082746834,7.8204541099734355,715816961.000133,5592321.000000107,0.0029692780093444997,0.9837977273977814,0.0025036655396258834,0.4511637707824637,7.877346321515152,715816960.9999046,5592320.999999585,0.0025036655396258834,0.9874204150474978,0.003391111277136729,0.5126135946160801,7.710986835341753,715816961.0001129,5592320.999999229,0.003391111277136729,0.9869587207344991,0.002206971307590445,0.4116677224083548,8.138929528778542,715816960.99982,5592321.000000217,0.002206971307590445,0.9679373055498867
Hot Dog - Train (1).jpg,0.0019758254218425037,0.6202350290758708,7.181618614717598,715816961.0000695,5592320.999999331,0.0019758254218425037,0.9986110750780905,0.0014338247952773034,0.5339139773446024,7.524538142830124,715816961.0000737,5592321.000000364,0.0014338247952773034,0.9976050584542997,0.002043476457874952,0.6174037640938048,7.173379965317015,715816961.0000359,5592321.000000224,0.002043476457874952,0.9990358284068015,0.0014806696392490643,0.5560155806146341,7.4085982533236034,715816961.000067,5592321.000000853,0.0014806696392490643,0.9982693402827052
Hot Dog - Train (1).png,0.00044455940130661936,0.437251238991525,8.185607693221128,715816961.0000975,5592320.999999636,0.00044455940130661936,0.9971596610627422,0.00033735991107379385,0.3764469297634801,8.463239123738232,715816961.0001118,5592320.9999999935,0.00033735991107379385,0.9949075804782812,0.0004662339268535578,0.4509121137115,8.142668458876864,715816961.0000838,5592320.999999013,0.0004662339268535578,0.9972008880493496,0.0003332159008325041,0.37383622749069595,8.474787613073257,715816961.0001162,5592321.000000258,0.0003332159008325041,0.9949217116568894
Hot Dog - Train (10).jpeg,0.0003021392945237727,0.1888310376499859,9.627342898187326,715816961.000136,5592320.99999913,0.0003021392945237727,0.9433848192315979,0.00018224782477865357,0.1430005506894067,9.935381673206718,715816961.0002246,5592321.0000009835,0.00018224782477865357,0.8915648548742814,0.0002931530819764355,0.18645670043786614,9.637589854935122,715816961.0000778,5592320.999998733,0.0002931530819764355,0.9422293719806918,0.00020572656582878117,0.15293903263632694,9.848313535771466,715816961.0001955,5592321.000002724,0.00020572656582878117,0.9137326243754523
Hot Dog - Train (10).jpg,0.001131558680600591,0.4261495625998847,8.384748470084894,715816960.9999652,5592320.999999273,0.001131558680600591,0.9953394347018524,0.0008300766769247157,0.3226705217923864,8.823951698428933,715816960.999955,5592320.999999545,0.0008300766769247157,0.9906264665786394,0.001015333709177845,0.364606702105257,8.596695239847964,715816960.9999704,5592320.999999968,0.001015333709177845,0.9944197217542787,0.0008152172353871792,0.32217605635260743,8.83123069199377,715816960.9999493,5592320.999999857,0.0008152172353871792,0.990207293861221
Hot Dog - Train (10).png,0.07878136241946351,0.5961535240646402,6.680646444102312,715816961.0001467,5592321.000001139,0.07878136241946351,0.9641809167830983,0.07633181694422789,0.5712070857295801,6.836224767677256,715816960.9998349,5592320.999997737,0.07633181694422789,0.9409498353278076,0.07810874356564651,0.644697960046466,6.511806964448733,715816961.0002589,5592320.999998201,0.07810874356564651,0.9633861590378907,0.07630024923613335,0.5562136679035304,6.923716664084543,715816960.9998406,5592320.999999837,0.07630024923613335,0.9353483233724762
Hot Dog - Train (100).jpeg,0.06267641393845745,0.6957693634957635,5.355571943911843,715816961.0000411,5592321.000000328,0.06267641393845745,0.9873414223193597,0.0573830400876172,0.6891798986498018,5.419826134410858,715816961.0000337,5592320.999999937,0.0573830400876172,0.989724053637928,0.06310283308403387,0.7033362400944198,5.325243362996193,715816961.0000167,5592321.000000155,0.06310283308403387,0.9886775228588383,0.05707131932144314,0.6581108555214743,5.586844228173245,715816961.0000815,5592321.000001167,0.05707131932144314,0.9726790755536151
Hot Dog - Train (100).jpg,0.0003328082463210988,0.22314668456173212,9.509078214685369,715816961.000009,5592321.000002466,0.0003328082463210988,0.9637118379601527,0.00024048930848211467,0.19041865681275874,9.718849516572636,715816961.0000017,5592320.999999445,0.00024048930848211467,0.9448260515220044,0.0003079592771468,0.2239624956706308,9.511376010498278,715816961.0000025,5592321.000001139,0.0003079592771468,0.9633836278842458,0.00022266271478040865,0.18571457807756986,9.759679254441838,715816960.9999999,5592320.99999979,0.00022266271478040865,0.9382614457032199
Hot Dog - Train (101).jpeg,0.0008950820031488396,0.422425488885134,8.402935239578076,715816961.0000473,5592321.000000298,0.0008950820031488396,0.9867357889891346,0.000508289522336234,0.2733286496774087,9.1350231128819,715816961.0001225,5592321.000000434,0.000508289522336234,0.9305710686161054,0.0005978451205438365,0.30587093626329004,8.947206661263444,715816961.0002824,5592321.000001731,0.0005978451205438365,0.9524434242247088,0.000582339473249022,0.3041456688117333,8.951839596837276,715816961.0000587,5592321.000001298,0.000582339473249022,0.962630741825522
Hot Dog - Train (101).jpg,0.0011776461031510277,0.45452168416034533,8.031409022826894,715816960.9998566,5592321.000000519,0.0011776461031510277,0.9964865552995935,0.0009240547775589617,0.3941996734999353,8.290953323540739,715816960.9998691,5592321.000000025,0.0009240547775589617,0.9945916106046043,0.0012002174238589845,0.45928258508400965,8.007332454830486,715816960.9998425,5592321.000000677,0.0012002174238589845,0.9969846959834747,0.0009226805859797042,0.3949073176789114,8.289035135555197,715816960.9998692,5592321.000000012,0.0009226805859797042,0.9943955276333081
Pizza-Train (1).jpeg,0.0007627912364233564,0.23454765711432057,9.377230909660856,715816960.9995979,5592321.000000614,0.0007627912364233564,0.9067818664502747,0.0005518312616003932,0.19624974296022296,9.583701805409131,715816961.0002309,5592321.000000377,0.0005518312616003932,0.8671256368390869,0.0008411124107665464,0.2394971344667468,9.342287548932072,715816961.000209,5592320.999998876,0.0008411124107665464,0.923566444955869,0.0005475025984545982,0.20121823203351547,9.583806795937763,715816961.0002617,5592321.000000513,0.0005475025984545982,0.8649170171711196
Pizza-Train (10).jpeg,0.0004970823690021251,0.25523321732778315,9.310788751047236,715816961.0001184,5592321.0000003725,0.0004970823690021251,0.949037424857241,0.00019077729536768064,0.15942672312670023,9.764547203239449,715816960.9998116,5592320.999998832,0.00019077729536768064,0.8917341410896222,0.0002752450658269493,0.18856864795050116,9.582365698840125,715816961.0001181,5592321.000001056,0.0002752450658269493,0.9290894334600921,0.00019729743099814264,0.16286332626546482,9.745594408208344,715816960.999802,5592321.000000967,0.00019729743099814264,0.8955348316351598
Pizza-Train (100).jpeg,0.0002833882406243676,0.20717311803248747,9.710902093955248,715816961.0001644,5592321.000000554,0.0002833882406243676,0.9097637313035237,0.00016774664107266552,0.16135089545152514,9.99206084663883,715816960.9997972,5592321.0000001835,0.00016774664107266552,0.847828877318556,0.00023405945046075643,0.21104238753693674,9.796556805009144,715816961.0002674,5592320.999999278,0.00023405945046075643,0.893239103442856,0.0001863245831212319,0.16937502277472843,9.925786924839565,715816960.9998045,5592321.000000225,0.0001863245831212319,0.8719860824968316
Pizza-Train (101).jpeg,0.00027338912863046795,0.1492640616074721,9.899029235063475,715816961.0001799,5592320.999999567,0.00027338912863046795,0.912991077415731,0.00016788892566620085,0.12328665939397433,10.084966114795131,715816961.000218,5592320.9999992205,0.00016788892566620085,0.8658717361658445,0.0002391104689653944,0.1393691032292702,9.951798151032355,715816961.000251,5592320.999999387,0.0002391104689653944,0.9014665501637619,0.00017212900363491632,0.12408157653494292,10.095789143422069,715816961.0001996,5592320.999999244,0.00017212900363491632,0.8624214040271639
Pizza-Train (102).jpeg,0.00012140712418540409,0.19227858427970856,9.738954020875699,715816960.9998479,5592321.0000001425,0.00012140712418540409,0.9170651605232404,8.734597594819061e-05,0.1626155828614831,9.950383377745343,715816960.9999259,5592321.000001477,8.734597594819061e-05,0.8707558173435557,0.00011964294982464564,0.1923942280487127,9.783586287174867,715816960.9998325,5592320.99999998,0.00011964294982464564,0.9040831235483437,8.431611328705404e-05,0.15835545786185468,9.951091213493859,715816960.9999164,5592321.000000214,8.431611328705404e-05,0.8724202242435734
Pizza-Train (103).jpeg,0.0006202598520639197,0.2606301027708059,9.33539744947544,715816960.9999695,5592321.000000128,0.0006202598520639197,0.948897635120242,0.000428775085016868,0.2050067452938868,9.620976593730889,715816961.0000516,5592320.999999645,0.000428775085016868,0.9316087416165983,0.0005956093546330702,0.2465777863272853,9.39538287421321,715816961.0000558,5592321.0000008885,0.0005956093546330702,0.9540867113072495,0.0004003148005220688,0.19867734650954122,9.694183990358951,715816960.9999866,5592320.999999577,0.0004003148005220688,0.9049206619738882
Pizza-Train (104).jpeg,0.0001975312252244645,0.27378826988286153,9.1859890516431,715816961.00008,5592321.00000036,0.0001975312252244645,0.9715036718309064,0.00011158743989272237,0.19488518297363536,9.659114709241681,715816960.9999673,5592321.000000853,0.00011158743989272237,0.926999033847862,0.0001410724561315176,0.2269762812600905,9.496565091463358,715816961.0001194,5592320.999999924,0.0001410724561315176,0.9460014624784641,0.00011645862872755033,0.19852379400183756,9.621947306813768,715816960.9999408,5592320.999998964,0.00011645862872755033,0.9328419806709097
Pizza-Train (105).jpeg,0.00021928998602014475,0.2749056409787679,9.262643833078075,715816960.999892,5592320.999999193,0.00021928998602014475,0.9662133461822199,0.0001504906357432648,0.22441027024916002,9.540168111573143,715816961.0001051,5592320.999999145,0.0001504906357432648,0.9437100298094261,0.0002181478767538393,0.2820383034867475,9.239567782201554,715816961.0001032,5592321.00000094,0.0002181478767538393,0.9683248320369819,0.00014938902812243156,0.22302342427002678,9.516175077131235,715816961.0001061,5592320.99999915,0.00014938902812243156,0.9490024026563096
Pizza-Train (106).jpeg,0.00013846183372093519,0.20956460413497174,9.62324575251073,715816961.0001434,5592321.00000081,0.00013846183372093519,0.9323846536986788,9.684703213718942e-05,0.1680790832474679,9.876230036359399,715816960.9997547,5592320.999998152,9.684703213718942e-05,0.88142073078787,0.00011724624632408274,0.18628713208957284,9.742694435638038,715816961.0002322,5592320.99999835,0.00011724624632408274,0.907315524796742,8.656652110071294e-05,0.15603970851831026,9.924975225488398,715816960.9997637,5592320.999998355,8.656652110071294e-05,0.8761199789930273
Pizza-Train (107).jpeg,0.00018176075055510369,0.1977883671554489,9.696025695433402,715816961.00002,5592321.000001123,0.00018176075055510369,0.8961519368310894,0.00013485255908325382,0.16774773141334998,9.92770313564348,715816960.9998509,5592320.999998958,0.00013485255908325382,0.8240228914424704,0.00015711445519723716,0.18325772835565693,9.833493449126452,715816961.0002488,5592320.999998946,0.00015711445519723716,0.8578316032458274,0.00010983697220688585,0.1462212912640068,10.004553841173237,715816960.9996805,5592320.9999997625,0.00010983697220688585,0.8086832163296348
Sandwich-Train (434).jpeg,0.0006771831980390869,0.18683375069834215,9.42937893357506,715816960.9999526,5592321.000000533,0.0006771831980390869,0.9430380671979673,0.0005824300208033498,0.17142463562753443,9.542627852555386,715816960.9998412,5592320.999999885,0.0005824300208033498,0.9179784335877429,0.001179974492355449,0.25096908452820765,9.166916682571618,715816961.0000967,5592320.999999918,0.001179974492355449,0.9522969141170704,0.0005986093919291581,0.1673697555971248,9.577076377953631,715816960.9998143,5592320.999999117,0.0005986093919291581,0.9121483967335531
Sandwich-Train (435).jpeg,0.0004927671607518044,0.25554790258784027,9.462070057925175,715816961.0001318,5592321.000001503,0.0004927671607518044,0.9361985038330078,0.00022540581206652584,0.19260114333396783,9.772000027942418,715816961.0001547,5592320.999996739,0.00022540581206652584,0.8926597838070137,0.00027893968562850327,0.2171260176504072,9.629647769358225,715816961.0000143,5592321.000000886,0.00027893968562850327,0.9183607586875235,0.00024383394746492604,0.19784153335567994,9.744859211876312,715816961.0001129,5592320.999999762,0.00024383394746492604,0.8993029545644728
Sandwich-Train (436).jpeg,0.0021655330603114233,0.2266225573575715,9.137273419669338,715816961.0001762,5592321.0000001425,0.0021655330603114233,0.9503508485958417,0.001408222032158812,0.17673870853928733,9.481007377894942,715816961.000079,5592320.999999519,0.001408222032158812,0.8953709676742247,0.001905018655630989,0.2212775999617768,9.275353211611375,715816961.0001122,5592321.0000005625,0.001905018655630989,0.9311606350361664,0.0014612065496598218,0.1821671001740733,9.447904752687917,715816961.0000437,5592321.000001426,0.0014612065496598218,0.904463753007444
Sandwich-Train (437).jpeg,0.01181579240738265,0.6500166658870544,6.660187813687164,715816961.0000811,5592320.999999232,0.01181579240738265,0.9755535885536943,0.00926016337795988,0.5745723577973211,7.094596110626833,715816961.0000134,5592321.000001419,0.00926016337795988,0.9401959962101076,0.010913365332813148,0.6019356486161732,6.93954571929418,715816960.9999671,5592320.999999493,0.010913365332813148,0.9502559406644101,0.009277435500551915,0.5701149006598124,7.109305654894519,715816961.0000138,5592321.00000112,0.009277435500551915,0.9382496960807616
Sandwich-Train (438).jpeg,0.000200888470053607,0.2365408448653458,9.419075768249384,715816960.9998968,5592320.999998461,0.000200888470053607,0.9468507880655849,0.00012256381427240074,0.1828009999210548,9.721062370228326,715816960.999933,5592320.999997657,0.00012256381427240074,0.9061564474670525,0.00019290868599440824,0.22863461627403098,9.4434206562896,715816960.9998685,5592320.999998907,0.00019290868599440824,0.9451326666233584,0.0001243411061974747,0.18623290053847247,9.690519091022427,715816960.9999323,5592320.999998546,0.0001243411061974747,0.9095523324222218
Sandwich-Train (439).jpeg,0.0011264931252349872,0.4451009512046792,8.318254530661177,715816960.999897,5592320.999999186,0.0011264931252349872,0.9760547687373279,0.0006945773670732372,0.33709210781398724,8.809085752069173,715816961.0001096,5592321.000000451,0.0006945773670732372,0.9461628451780436,0.0010113802219727831,0.40503938431165776,8.515185417386109,715816960.9997635,5592321.000000572,0.0010113802219727831,0.963865813500915,0.0007570477038935722,0.35521482909332003,8.752604192154864,715816961.0000992,5592321.000000216,0.0007570477038935722,0.9491742709781373
Sandwich-Train (44).jpeg,0.000859849806375209,0.42569139750915796,8.51942938942465,715816960.9999115,5592320.999999622,0.000859849806375209,0.9819872496434148,0.0004505614618447467,0.3044979210589322,9.013328027831964,715816960.9998481,5592321.000000371,0.0004505614618447467,0.9645010053093475,0.000611489166001133,0.3523964546646104,8.791382489692595,715816961.0001172,5592321.000000531,0.000611489166001133,0.9760255408382702,0.0004794395848457012,0.31350938306803766,9.004852206318319,715816960.9998486,5592321.000000448,0.0004794395848457012,0.9646157577495343
Sandwich-Train (440).jpeg,0.00026996200766716535,0.1897585672850241,9.410351630630053,715816961.0001448,5592320.999999076,0.00026996200766716535,0.953090963064313,0.0001637533294288427,0.14923852692815157,9.643883521164277,715816960.9999275,5592321.000000235,0.0001637533294288427,0.9234842032346038,0.0002584179834089269,0.17971473581593994,9.480586368037386,715816961.000037,5592320.999999745,0.0002584179834089269,0.9497514474467514,0.0002121923730708054,0.1565652811798304,9.624679021427726,715816961.0002457,5592321.0000009,0.0002121923730708054,0.9202109693193753
Sandwich-Train (441).jpeg,0.0009780108804926053,0.3086170244214532,8.712746474383861,715816960.9999384,5592320.9999996545,0.0009780108804926053,0.9774175460364968,0.0004635682743222765,0.19806187653934137,9.20581558083742,715816960.9998578,5592321.000000345,0.0004635682743222765,0.9261313622979042,0.0006079704838926554,0.23001821436402797,9.084347531585426,715816960.9998351,5592321.0000002645,0.0006079704838926554,0.9408798183719851,0.00046651208214125146,0.19466081586225176,9.25374774786561,715816960.9997394,5592320.999999874,0.00046651208214125146,0.9215279683270273
Sandwich-Train (442).jpeg,0.00048466143886454806,0.2223650271500436,9.129597016522055,715816961.0000235,5592321.000000763,0.00048466143886454806,0.9210125573370848,0.00030176472643828436,0.1759231179649264,9.374890388929208,715816960.9999213,5592320.999997583,0.00030176472643828436,0.8528952675917895,0.0004348191832779116,0.20575234282148833,9.252648624667003,715816960.9998124,5592321.000000437,0.0004348191832779116,0.8952558237500793,0.0002939022765263263,0.1691579157550784,9.387963687303724,715816960.9998523,5592320.999997938,0.0002939022765263263,0.8547945731513322
Taco-Train (1).jpeg,0.0006110156160326494,0.41317639556371266,8.57689271618447,715816960.9999114,5592320.999999094,0.0006110156160326494,0.9834131441431425,0.0003146232295248406,0.2989340783944303,9.12281833832054,715816961.000107,5592321.000000327,0.0003146232295248406,0.9584012920513632,0.000381938347228317,0.3242021111513026,8.957870038867933,715816960.9998969,5592321.000000839,0.000381938347228317,0.973547173400888,0.00031018159163822445,0.29490214512278884,9.07625349093406,715816961.0001031,5592321.000000658,0.00031018159163822445,0.9667848371620904
Taco-Train (10).jpeg,0.0012565580217798245,0.46289224081517144,7.660966898416929,715816960.9999563,5592321.000000888,0.0012565580217798245,0.9656022660109317,0.0008396387574292703,0.3807726315893565,8.0091684057188,715816960.9999348,5592321.000000418,0.0008396387574292703,0.9348555935690321,0.0012997295675523538,0.4587506899060664,7.7021514663319826,715816960.9999206,5592320.999999657,0.0012997295675523538,0.953511216408793,0.0008506673716890242,0.3802208493482542,8.028536304566314,715816960.9999337,5592320.999999451,0.0008506673716890242,0.9230739086362648
Taco-Train (100).jpeg,0.0006262277024915167,0.45302021067344855,8.453499601751263,715816961.0001475,5592320.999999079,0.0006262277024915167,0.9668181700531249,0.0001880304491644286,0.24556503167285157,9.240387604639926,715816960.9998145,5592320.999999449,0.0001880304491644286,0.9199335498323594,0.00020959892756577803,0.25917374142494304,9.132093194029622,715816961.0000768,5592320.9999994235,0.00020959892756577803,0.9350162460939482,0.0001856722767740397,0.24131933968965535,9.245782400188022,715816960.9997964,5592321.000001529,0.0001856722767740397,0.9216001290774382
Taco-Train (101).jpeg,0.0007283600010854191,0.3447243550388512,8.687821205205045,715816960.9998962,5592320.999999362,0.0007283600010854191,0.9608042305004992,0.0004758717877535928,0.2836075560047165,8.972058599754886,715816960.9998895,5592321.000000047,0.0004758717877535928,0.9279493967306426,0.0006901529288172268,0.3369050842281064,8.710431264640334,715816960.9999436,5592320.999999656,0.0006901529288172268,0.953860734898023,0.00047005485845231647,0.27903957108849325,8.990171375305104,715816960.999856,5592320.999998971,0.00047005485845231647,0.9314694513686242
Taco-Train (102).jpeg,0.00143779710424173,0.3815605544053156,8.29057661105263,715816960.999859,5592321.000001677,0.00143779710424173,0.9106105655183276,0.0005992327175320947,0.24201034401603866,8.844759792665387,715816961.0001047,5592320.999998172,0.0005992327175320947,0.8569855301754977,0.0007307922690619503,0.26969855361885847,8.696318371045109,715816961.0003022,5592320.999999594,0.0007307922690619503,0.8996371413052022,0.0006106901712028793,0.24753922441395296,8.829347166522385,715816961.000106,5592320.999999672,0.0006106901712028793,0.8365790740517268
Taco-Train (103).jpeg,0.00028875012522264654,0.2877658707743674,9.288292971861445,715816960.9998727,5592320.999998846,0.00028875012522264654,0.935186810137642,0.0001829082251346384,0.22930652398727577,9.5539286439714,715816960.9999936,5592320.999998872,0.0001829082251346384,0.89930567713017,0.0002656695478149459,0.2716692026029558,9.285878748888765,715816960.9998866,5592321.000000715,0.0002656695478149459,0.9427502469883348,0.00019615262205563603,0.23591280937625955,9.496850007410538,715816960.9999642,5592321.000001104,0.00019615262205563603,0.9119669204145058
Taco-Train (104).jpeg,0.005818155301946239,0.306458976794889,8.763255496186828,715816961.0000216,5592320.999999275,0.005818155301946239,0.902650990638263,0.004880959618858624,0.2622440410889418,8.98082262198414,715816961.0002022,5592320.9999992745,0.004880959618858624,0.8483058258987392,0.00552388677125592,0.30210941605807123,8.793275427510915,715816960.9999965,5592321.00000053,0.00552388677125592,0.8998494863536244,0.004904846708629675,0.2656072981293145,8.953926187176664,715816961.0002272,5592320.999998969,0.004904846708629675,0.8474015671466185
Taco-Train (105).jpeg,0.0003232650696339758,0.35220276678949614,8.794819168544851,715816961.0000263,5592321.000001203,0.0003232650696339758,0.9745572448879263,0.00023659470713580506,0.2949273867767739,9.050350436068129,715816961.0001034,5592321.00000011,0.00023659470713580506,0.9612659515329058,0.00029622135483590214,0.3290079041832385,8.832673008440432,715816961.000039,5592320.999999407,0.00029622135483590214,0.9735459731446668,0.00019962426348206562,0.2643110613107091,9.165700408169709,715816961.0001285,5592320.999999096,0.00019962426348206562,0.9523644288087512
Taco-Train (106).jpeg,0.0019271172391050037,0.49362520043727814,8.232091012925892,715816960.9998335,5592321.000001078,0.0019271172391050037,0.9680774199215159,0.0011902012377271783,0.39620802995071686,8.69182149566747,715816960.999869,5592320.99999849,0.0011902012377271783,0.934238363133488,0.0016036494250597254,0.4424403736771453,8.493862626734556,715816960.9998131,5592321.000001197,0.0016036494250597254,0.942572643988957,0.001176897810155897,0.39695195098444946,8.702961032666162,715816960.9998775,5592320.999999709,0.001176897810155897,0.9228226121255646
Taco-Train (107).jpeg,0.0003828820753703331,0.3473739452332678,8.742257398595063,715816960.9999062,5592320.999999486,0.0003828820753703331,0.9771299709745535,0.0002637491334133668,0.29473636432225714,9.006002943634787,715816961.0000893,5592321.00000006,0.0002637491334133668,0.9594060843523027,0.00039896165626448506,0.36232021159861394,8.667873933810466,715816961.0000151,5592321.000000009,0.00039896165626448506,0.9759129969615652,0.00026357589067452496,0.29189878198046104,8.997833156198316,715816961.0000767,5592321.000000824,0.00026357589067452496,0.9593435633890338
Taquito-Train (1).jpeg,0.002151013086196089,0.35815069082359247,8.735243508329187,715816960.9997836,5592321.000001863,0.002151013086196089,0.9184556809425524,0.0013784323925759426,0.2800544597766687,9.08906478022789,715816961.0003623,5592321.000000151,0.0013784323925759426,0.8700914589583512,0.002426007791571931,0.3619610689342833,8.706486305574613,715816960.9998586,5592321.000002169,0.002426007791571931,0.9440804514515622,0.0014147998579926802,0.2830172006696803,9.044297582512145,715816961.0003314,5592320.999999789,0.0014147998579926802,0.8807647524805862
Taquito-Train (10).jpeg,0.011866527201706068,0.2815355292500855,8.881981702159148,715816960.9999608,5592320.99999974,0.011866527201706068,0.9295993095927099,0.010599765659204818,0.24122178086069887,9.102208400103788,715816961.0001171,5592321.000001122,0.010599765659204818,0.8885301598755312,0.01140720265242356,0.27093892528484803,8.912903672069714,715816961.0000993,5592321.000001629,0.01140720265242356,0.9284220528876006,0.010680869935162747,0.24351486884062593,9.096306576071177,715816961.000142,5592321.000001077,0.010680869935162747,0.8918561447156825
Taquito-Train (100).jpeg,0.0007466005558806739,0.3297790451840339,8.88163696322402,715816961.0000362,5592321.000000195,0.0007466005558806739,0.9496286999939071,0.0005428390699986525,0.28415878664321453,9.145652864137269,715816960.9999259,5592321.0000005225,0.0005428390699986525,0.9211582305421444,0.0007781819410981561,0.3287412350798389,8.929159884296002,715816961.0001266,5592321.000000765,0.0007781819410981561,0.9443458971082053,0.0005350318200091239,0.27999245585977656,9.156986413077899,715816960.9999974,5592320.999998998,0.0005350318200091239,0.9207762065760285
Taquito-Train (101).jpeg,0.0013233328740079788,0.4417619517987509,8.28093545587023,715816961.0002038,5592321.000000553,0.0013233328740079788,0.9866325920915477,0.0007100551447540499,0.32513032098154937,8.786416969103046,715816961.0003529,5592321.00000086,0.0007100551447540499,0.9627416953744488,0.0008892242438753867,0.3697212594196141,8.617322103821818,715816960.9999024,5592320.999999846,0.0008892242438753867,0.9732582014977583,0.0007080199812766438,0.32353289747156116,8.784254255357762,715816960.9996634,5592321.000000499,0.0007080199812766438,0.9703172216082283
Taquito-Train (102).jpeg,0.00019529245259694304,0.21958430020391967,9.443167934743373,715816960.9998817,5592321.00000021,0.00019529245259694304,0.9572612628371419,0.00013687833566937055,0.17876644680497378,9.665742398078324,715816960.9999187,5592321.000000825,0.00013687833566937055,0.9352147685061276,0.0001989265182648411,0.21687226531877632,9.454415050758758,715816960.9998864,5592320.999999498,0.0001989265182648411,0.9580703013619623,0.00013720076936642872,0.17455811574963764,9.695295379297377,715816960.9999115,5592320.999999591,0.00013720076936642872,0.9299703398705061
Taquito-Train (103).jpeg,0.012313756515084269,0.3251706873586355,8.547279053562235,715816961.000111,5592320.999998696,0.012313756515084269,0.958233044136723,0.010987848581144084,0.2658845032599808,8.841087967334337,715816960.9999915,5592320.999998142,0.010987848581144084,0.9218016984959019,0.0115567118370174,0.29170217453300745,8.706731714949733,715816960.999983,5592320.999999992,0.0115567118370174,0.9435284327233585,0.01102127614655555,0.2662947467878421,8.839263978574534,715816960.9999804,5592321.0000011325,0.01102127614655555,0.9233865206250829
Taquito-Train (104).jpeg,0.0008365927588248283,0.2582437079573723,9.07564301529426,715816960.9999284,5592320.999998581,0.0008365927588248283,0.9591125188757424,0.0005888163524394731,0.20420137478969327,9.383967640672155,715816960.999889,5592320.99999982,0.0005888163524394731,0.9268476847001235,0.000722533928371624,0.22955244434907227,9.23342902038249,715816961.0001574,5592320.999999436,0.000722533928371624,0.9464230452502369,0.0005703334176937704,0.1924475153602254,9.457942906120854,715816960.9998494,5592320.999998416,0.0005703334176937704,0.9151746113515401
Taquito-Train (105).jpeg,0.00036379317146163656,0.3194353682454358,8.999970207669069,715816960.9999131,5592321.000000992,0.00036379317146163656,0.9686295259954502,0.00019462224535800335,0.21553872984816277,9.423415892150972,715816961.0001402,5592321.000000279,0.00019462224535800335,0.9403988198722921,0.00023482811229373155,0.24122279371642213,9.265829759153931,715816961.0000268,5592321.000001326,0.00023482811229373155,0.9591528864966209,0.00017865986257182415,0.2072096099558266,9.450244161270863,715816961.0001599,5592320.999999245,0.00017865986257182415,0.9391336063901041
Taquito-Train (106).jpeg,0.0001104900077456111,0.18762076461046226,9.638879421959263,715816960.9998573,5592320.999998811,0.0001104900077456111,0.9242648843425961,7.874487386634825e-05,0.1472019288025115,9.9014195895326,715816960.9998493,5592320.999999285,7.874487386634825e-05,0.8753820708157657,9.836990637021318e-05,0.17036524557944238,9.735398588347014,715816960.999895,5592320.999999334,9.836990637021318e-05,0.9141938454537463,7.888327206992228e-05,0.1448518571799795,9.906491387340639,715816960.9998612,5592320.999998475,7.888327206992228e-05,0.873885601555465
Taquito-Train (107).jpeg,0.0005885949432286727,0.380139011498673,8.664038433775069,715816961.0001104,5592320.999999259,0.0005885949432286727,0.9732223050646027,0.0003901244836643822,0.30379553664781905,8.955039053045644,715816960.9999803,5592320.99999974,0.0003901244836643822,0.9632093323695986,0.0005221803203956268,0.343401325165753,8.764385938517496,715816960.9998641,5592320.9999991795,0.0005221803203956268,0.9753858845638371,0.0003536015846140268,0.2849547447183354,9.088979106914536,715816961.0001976,5592320.999999623,0.0003536015846140268,0.9514985521047071
